time,cash,shares,short_calls,ric,strike,expiry,stock_mark,option_mark,quote_age_hours,stale_mark,stock_mv,option_mv,nav,initial,maintenance,available,excess
2026-07-13T11:00:00-04:00,8417.5,100,1,AAPLG172632000.U^G26,320.0,2026-07-17,319.075,3.25,0.0,False,31907.5,-325.0,40000.0,15953.75,7976.875,24046.25,32023.125
2026-07-13T12:00:00-04:00,8417.5,100,1,AAPLG172632000.U^G26,320.0,2026-07-17,317.12,2.415,0.0,False,31712.0,-241.5,39888.0,15856.0,7928.0,24032.0,31960.0
2026-07-13T13:00:00-04:00,8417.5,100,1,AAPLG172632000.U^G26,320.0,2026-07-17,316.605,2.235,0.0,False,31660.5,-223.5,39854.5,15830.25,7915.125,24024.25,31939.375
2026-07-13T14:00:00-04:00,8417.5,100,1,AAPLG172632000.U^G26,320.0,2026-07-17,316.16,2.1399999999999997,0.0,False,31616.000000000004,-213.99999999999997,39819.5,15808.000000000002,7904.000000000001,24011.5,31915.5
2026-07-13T15:00:00-04:00,8417.5,100,1,AAPLG172632000.U^G26,320.0,2026-07-17,317.2252,2.48,0.0,False,31722.519999999997,-248.0,39892.02,15861.259999999998,7930.629999999999,24030.76,31961.39
2026-07-13T16:00:00-04:00,8417.5,100,1,AAPLG172632000.U^G26,320.0,2026-07-17,317.47,2.585,0.0,False,31747.000000000004,-258.5,39906.0,15873.500000000002,7936.750000000001,24032.5,31969.25
2026-07-14T10:00:00-04:00,8417.5,100,1,AAPLG172632000.U^G26,320.0,2026-07-17,314.522,1.38,0.0,False,31452.2,-138.0,39731.7,15726.1,7863.05,24005.6,31868.649999999998
2026-07-14T11:00:00-04:00,8417.5,100,1,AAPLG172632000.U^G26,320.0,2026-07-17,314.9501,1.43,0.0,False,31495.010000000002,-143.0,39769.51,15747.505000000001,7873.7525000000005,24022.005,31895.7575
2026-07-14T12:00:00-04:00,8417.5,100,1,AAPLG172632000.U^G26,320.0,2026-07-17,313.288,1.04,0.0,False,31328.800000000003,-104.0,39642.3,15664.400000000001,7832.200000000001,23977.9,31810.100000000002
2026-07-14T13:00:00-04:00,8417.5,100,1,AAPLG172632000.U^G26,320.0,2026-07-17,314.12,1.18,0.0,False,31412.0,-118.0,39711.5,15706.0,7853.0,24005.5,31858.5
2026-07-14T14:00:00-04:00,8417.5,100,1,AAPLG172632000.U^G26,320.0,2026-07-17,315.196,1.38,0.0,False,31519.600000000002,-138.0,39799.100000000006,15759.800000000001,7879.900000000001,24039.300000000003,31919.200000000004
2026-07-14T15:00:00-04:00,8417.5,100,1,AAPLG172632000.U^G26,320.0,2026-07-17,315.494,1.41,0.0,False,31549.4,-141.0,39825.9,15774.7,7887.35,24051.2,31938.550000000003
2026-07-14T16:00:00-04:00,8417.5,100,1,AAPLG172632000.U^G26,320.0,2026-07-17,314.92,1.26,0.0,False,31492.0,-126.0,39783.5,15746.0,7873.0,24037.5,31910.5
2026-07-15T10:00:00-04:00,8417.5,100,1,AAPLG172632000.U^G26,320.0,2026-07-17,320.765,3.325,0.0,False,32076.5,-332.5,40161.5,16038.25,8019.125,24123.25,32142.375
2026-07-15T11:00:00-04:00,8417.5,100,1,AAPLG172632000.U^G26,320.0,2026-07-17,323.9258,5.35,0.0,False,32392.579999999998,-535.0,40275.08,16196.289999999999,8098.1449999999995,24078.79,32176.935
2026-07-15T12:00:00-04:00,8417.5,100,1,AAPLG172632000.U^G26,320.0,2026-07-17,326.3058,7.325,0.0,False,32630.579999999998,-732.5,40315.58,16315.289999999999,8157.6449999999995,24000.29,32157.935
2026-07-15T13:00:00-04:00,8417.5,100,1,AAPLG172632000.U^G26,320.0,2026-07-17,327.96,8.65,0.0,False,32796.0,-865.0,40348.5,16398.0,8199.0,23950.5,32149.5
2026-07-15T14:00:00-04:00,8417.5,100,1,AAPLG172632000.U^G26,320.0,2026-07-17,327.5851,8.475,0.0,False,32758.510000000002,-847.5,40328.51,16379.255000000001,8189.6275000000005,23949.255,32138.8825
2026-07-15T15:00:00-04:00,8417.5,100,1,AAPLG172632000.U^G26,320.0,2026-07-17,327.525,8.225,0.0,False,32752.499999999996,-822.5,40347.5,16376.249999999998,8188.124999999999,23971.25,32159.375
2026-07-15T16:00:00-04:00,8417.5,100,1,AAPLG172632000.U^G26,320.0,2026-07-17,327.43,8.05,0.0,False,32743.0,-805.0000000000001,40355.5,16371.5,8185.75,23984.0,32169.75
2026-07-16T10:00:00-04:00,8417.5,100,1,AAPLG172632000.U^G26,320.0,2026-07-17,331.12,11.175,0.0,False,33112.0,-1117.5,40412.0,16556.0,8278.0,23856.0,32134.0
2026-07-16T11:00:00-04:00,8417.5,100,1,AAPLG172632000.U^G26,320.0,2026-07-17,330.1829,10.399999999999999,0.0,False,33018.29,-1039.9999999999998,40395.79,16509.145,8254.5725,23886.645,32141.2175
2026-07-16T12:00:00-04:00,8417.5,100,1,AAPLG172632000.U^G26,320.0,2026-07-17,331.85,12.0,0.0,False,33185.0,-1200.0,40402.5,16592.5,8296.25,23810.0,32106.25
2026-07-16T13:00:00-04:00,8417.5,100,1,AAPLG172632000.U^G26,320.0,2026-07-17,332.0729,12.175,0.0,False,33207.29,-1217.5,40407.29,16603.645,8301.8225,23803.645,32105.4675
2026-07-16T14:00:00-04:00,8417.5,100,1,AAPLG172632000.U^G26,320.0,2026-07-17,331.635,11.925,0.0,False,33163.5,-1192.5,40388.5,16581.75,8290.875,23806.75,32097.625
2026-07-16T15:00:00-04:00,8417.5,100,1,AAPLG172632000.U^G26,320.0,2026-07-17,333.18,13.45,0.0,False,33318.0,-1345.0,40390.5,16659.0,8329.5,23731.5,32061.0
2026-07-16T16:00:00-04:00,8417.5,100,1,AAPLG172632000.U^G26,320.0,2026-07-17,333.22,13.5,0.0,False,33322.0,-1350.0,40389.5,16661.0,8330.5,23728.5,32059.0
2026-07-17T10:00:00-04:00,8417.5,100,1,AAPLG172632000.U^G26,320.0,2026-07-17,330.98,11.100000000000001,0.0,False,33098.0,-1110.0000000000002,40405.5,16549.0,8274.5,23856.5,32131.0
2026-07-17T11:00:00-04:00,8417.5,100,1,AAPLG172632000.U^G26,320.0,2026-07-17,333.1772,13.025,0.0,False,33317.72,-1302.5,40432.72,16658.86,8329.43,23773.86,32103.29
2026-07-17T12:00:00-04:00,8417.5,100,1,AAPLG172632000.U^G26,320.0,2026-07-17,332.3458,12.350000000000001,0.0,False,33234.58,-1235.0000000000002,40417.08,16617.29,8308.645,23799.79,32108.435
2026-07-17T13:00:00-04:00,8417.5,100,1,AAPLG172632000.U^G26,320.0,2026-07-17,330.5529,10.625,0.0,False,33055.29,-1062.5,40410.29,16527.645,8263.8225,23882.645,32146.4675
2026-07-17T14:00:00-04:00,8417.5,100,1,AAPLG172632000.U^G26,320.0,2026-07-17,331.78,11.825,0.0,False,33178.0,-1182.5,40413.0,16589.0,8294.5,23824.0,32118.5
2026-07-17T15:00:00-04:00,8417.5,100,1,AAPLG172632000.U^G26,320.0,2026-07-17,333.926,14.149999999999999,0.0,False,33392.6,-1414.9999999999998,40395.1,16696.3,8348.15,23698.8,32046.949999999997
2026-07-17T16:00:00-04:00,40417.5,0,0,,,,333.53,,0.0,False,0.0,0.0,40417.5,0.0,0.0,40417.5,40417.5
2026-07-20T11:00:00-04:00,8190.5,100,1,AAPLG242632750.U^G26,327.5,2026-07-24,326.42,4.15,0.0,False,32642.0,-415.00000000000006,40417.5,16321.0,8160.5,24096.5,32257.0
2026-07-20T12:00:00-04:00,8190.5,100,1,AAPLG242632750.U^G26,327.5,2026-07-24,325.996,3.8,0.0,False,32599.6,-380.0,40410.1,16299.8,8149.9,24110.3,32260.199999999997
2026-07-20T13:00:00-04:00,8190.5,100,1,AAPLG242632750.U^G26,327.5,2026-07-24,324.2577,2.91,0.0,False,32425.77,-291.0,40325.270000000004,16212.885,8106.4425,24112.385000000002,32218.827500000003
2026-07-20T14:00:00-04:00,8190.5,100,1,AAPLG242632750.U^G26,327.5,2026-07-24,324.802,3.075,0.0,False,32480.2,-307.5,40363.2,16240.1,8120.05,24123.1,32243.149999999998
2026-07-20T15:00:00-04:00,8190.5,100,1,AAPLG242632750.U^G26,327.5,2026-07-24,326.77,4.025,0.0,False,32677.0,-402.50000000000006,40465.0,16338.5,8169.25,24126.5,32295.75
2026-07-20T16:00:00-04:00,8190.5,100,1,AAPLG242632750.U^G26,327.5,2026-07-24,326.65,4.25,0.0,False,32664.999999999996,-425.0,40430.5,16332.499999999998,8166.249999999999,24098.0,32264.25
2026-07-21T10:00:00-04:00,8190.5,100,1,AAPLG242632750.U^G26,327.5,2026-07-24,324.115,2.785,0.0,False,32411.5,-278.5,40323.5,16205.75,8102.875,24117.75,32220.625
2026-07-21T11:00:00-04:00,8190.5,100,1,AAPLG242632750.U^G26,327.5,2026-07-24,327.1158,3.8,0.0,False,32711.579999999998,-380.0,40522.08,16355.789999999999,8177.8949999999995,24166.29,32344.185
2026-07-21T12:00:00-04:00,8190.5,100,1,AAPLG242632750.U^G26,327.5,2026-07-24,328.7832,4.625,0.0,False,32878.32,-462.5,40606.32,16439.16,8219.58,24167.16,32386.739999999998
2026-07-21T13:00:00-04:00,8190.5,100,1,AAPLG242632750.U^G26,327.5,2026-07-24,328.435,4.375,0.0,False,32843.5,-437.5,40596.5,16421.75,8210.875,24174.75,32385.625
2026-07-21T14:00:00-04:00,8190.5,100,1,AAPLG242632750.U^G26,327.5,2026-07-24,327.68,3.95,0.0,False,32768.0,-395.0,40563.5,16384.0,8192.0,24179.5,32371.5
2026-07-21T15:00:00-04:00,8190.5,100,1,AAPLG242632750.U^G26,327.5,2026-07-24,328.185,4.225,0.0,False,32818.5,-422.49999999999994,40586.5,16409.25,8204.625,24177.25,32381.875
2026-07-21T16:00:00-04:00,8190.5,100,1,AAPLG242632750.U^G26,327.5,2026-07-24,327.61,3.95,0.0,False,32761.0,-395.0,40556.5,16380.5,8190.25,24176.0,32366.25
2026-07-22T10:00:00-04:00,8190.5,100,1,AAPLG242632750.U^G26,327.5,2026-07-24,325.95,2.6399999999999997,0.0,False,32595.0,-263.99999999999994,40521.5,16297.5,8148.75,24224.0,32372.75
2026-07-22T11:00:00-04:00,8190.5,100,1,AAPLG242632750.U^G26,327.5,2026-07-24,325.6,2.295,0.0,False,32560.000000000004,-229.5,40521.0,16280.000000000002,8140.000000000001,24241.0,32381.0
2026-07-22T12:00:00-04:00,8190.5,100,1,AAPLG242632750.U^G26,327.5,2026-07-24,325.08,2.0300000000000002,0.0,False,32508.0,-203.00000000000003,40495.5,16254.0,8127.0,24241.5,32368.5
2026-07-22T13:00:00-04:00,8190.5,100,1,AAPLG242632750.U^G26,327.5,2026-07-24,324.2,1.76,0.0,False,32420.0,-176.0,40434.5,16210.0,8105.0,24224.5,32329.5
2026-07-22T14:00:00-04:00,8190.5,100,1,AAPLG242632750.U^G26,327.5,2026-07-24,323.938,1.5750000000000002,0.0,False,32393.8,-157.50000000000003,40426.8,16196.9,8098.45,24229.9,32328.350000000002
2026-07-22T15:00:00-04:00,8190.5,100,1,AAPLG242632750.U^G26,327.5,2026-07-24,324.3,1.6400000000000001,0.0,False,32430.0,-164.0,40456.5,16215.0,8107.5,24241.5,32349.0
2026-07-22T16:00:00-04:00,8190.5,100,1,AAPLG242632750.U^G26,327.5,2026-07-24,326.09,2.415,0.0,False,32608.999999999996,-241.5,40558.0,16304.499999999998,8152.249999999999,24253.5,32405.75
2026-07-23T10:00:00-04:00,8190.5,100,1,AAPLG242632750.U^G26,327.5,2026-07-24,320.1297,0.495,0.0,False,32012.97,-49.5,40153.97,16006.485,8003.2425,24147.485,32150.7275
2026-07-23T11:00:00-04:00,8190.5,100,1,AAPLG242632750.U^G26,327.5,2026-07-24,321.3,0.475,0.0,False,32130.0,-47.5,40273.0,16065.0,8032.5,24208.0,32240.5
2026-07-23T12:00:00-04:00,8190.5,100,1,AAPLG242632750.U^G26,327.5,2026-07-24,320.8815,0.405,0.0,False,32088.15,-40.5,40238.15,16044.075,8022.0375,24194.075,32216.112500000003
2026-07-23T13:00:00-04:00,8190.5,100,1,AAPLG242632750.U^G26,327.5,2026-07-24,320.6145,0.33999999999999997,0.0,False,32061.45,-34.0,40217.95,16030.725,8015.3625,24187.225,32202.587499999998
2026-07-23T14:00:00-04:00,8190.5,100,1,AAPLG242632750.U^G26,327.5,2026-07-24,320.526,0.33999999999999997,0.0,False,32052.600000000002,-34.0,40209.100000000006,16026.300000000001,8013.150000000001,24182.800000000003,32195.950000000004
2026-07-23T15:00:00-04:00,8190.5,100,1,AAPLG242632750.U^G26,327.5,2026-07-24,320.72,0.305,0.0,False,32072.000000000004,-30.5,40232.0,16036.000000000002,8018.000000000001,24196.0,32214.0
2026-07-23T16:00:00-04:00,8190.5,100,1,AAPLG242632750.U^G26,327.5,2026-07-24,321.58,0.29500000000000004,0.0,False,32158.0,-29.500000000000004,40319.0,16079.0,8039.5,24240.0,32279.5
2026-07-24T10:00:00-04:00,8190.5,100,1,AAPLG242632750.U^G26,327.5,2026-07-24,326.8999,1.03,0.0,False,32689.99,-103.0,40777.490000000005,16344.995,8172.4975,24432.495000000003,32604.992500000004
2026-07-24T11:00:00-04:00,8190.5,100,1,AAPLG242632750.U^G26,327.5,2026-07-24,329.965,2.795,0.0,False,32996.5,-279.5,40907.5,16498.25,8249.125,24409.25,32658.375
2026-07-24T12:00:00-04:00,8190.5,100,1,AAPLG242632750.U^G26,327.5,2026-07-24,333.056,5.675,0.0,False,33305.6,-567.5,40928.6,16652.8,8326.4,24275.8,32602.199999999997
2026-07-24T13:00:00-04:00,8190.5,100,1,AAPLG242632750.U^G26,327.5,2026-07-24,333.192,5.65,0.0,False,33319.2,-565.0,40944.7,16659.6,8329.8,24285.1,32614.899999999998
2026-07-24T14:00:00-04:00,8190.5,100,1,AAPLG242632750.U^G26,327.5,2026-07-24,332.645,5.25,0.0,False,33264.5,-525.0,40930.0,16632.25,8316.125,24297.75,32613.875
2026-07-24T15:00:00-04:00,8190.5,100,1,AAPLG242632750.U^G26,327.5,2026-07-24,332.948,5.449999999999999,0.0,False,33294.799999999996,-544.9999999999999,40940.299999999996,16647.399999999998,8323.699999999999,24292.899999999998,32616.6
2026-07-24T16:00:00-04:00,40940.5,0,0,,,,333.07,,0.0,False,0.0,0.0,40940.5,0.0,0.0,40940.5,40940.5
2026-07-27T11:00:00-04:00,7722.0,100,1,AAPLG312634000.U^G26,340.0,2026-07-31,338.21,6.025,0.0,False,33821.0,-602.5,40940.5,16910.5,8455.25,24030.0,32485.25
2026-07-27T12:00:00-04:00,7722.0,100,1,AAPLG312634000.U^G26,340.0,2026-07-31,337.0829,5.425,0.0,False,33708.29,-542.5,40887.79,16854.145,8427.0725,24033.645,32460.7175
2026-07-27T13:00:00-04:00,7722.0,100,1,AAPLG312634000.U^G26,340.0,2026-07-31,336.674,5.3,0.0,False,33667.399999999994,-530.0,40859.399999999994,16833.699999999997,8416.849999999999,24025.699999999997,32442.549999999996
2026-07-27T14:00:00-04:00,7722.0,100,1,AAPLG312634000.U^G26,340.0,2026-07-31,335.5,4.75,0.0,False,33550.0,-475.0,40797.0,16775.0,8387.5,24022.0,32409.5
2026-07-27T15:00:00-04:00,7722.0,100,1,AAPLG312634000.U^G26,340.0,2026-07-31,335.85,4.800000000000001,0.0,False,33585.0,-480.00000000000006,40827.0,16792.5,8396.25,24034.5,32430.75
2026-07-27T16:00:00-04:00,7722.0,100,1,AAPLG312634000.U^G26,340.0,2026-07-31,336.79,5.275,0.0,False,33679.0,-527.5,40873.5,16839.5,8419.75,24034.0,32453.75
2026-07-28T10:00:00-04:00,7722.0,100,1,AAPLG312634000.U^G26,340.0,2026-07-31,337.53,5.475,0.0,False,33753.0,-547.5,40927.5,16876.5,8438.25,24051.0,32489.25
2026-07-28T11:00:00-04:00,7722.0,100,1,AAPLG312634000.U^G26,340.0,2026-07-31,337.055,5.300000000000001,0.0,False,33705.5,-530.0000000000001,40897.5,16852.75,8426.375,24044.75,32471.125
2026-07-28T12:00:00-04:00,7722.0,100,1,AAPLG312634000.U^G26,340.0,2026-07-31,339.6572,6.35,0.0,False,33965.72,-635.0,41052.72,16982.86,8491.43,24069.86,32561.29
2026-07-28T13:00:00-04:00,7722.0,100,1,AAPLG312634000.U^G26,340.0,2026-07-31,339.776,6.35,0.0,False,33977.6,-635.0,41064.6,16988.8,8494.4,24075.8,32570.199999999997
2026-07-28T14:00:00-04:00,7722.0,100,1,AAPLG312634000.U^G26,340.0,2026-07-31,339.745,6.375,0.0,False,33974.5,-637.5,41059.0,16987.25,8493.625,24071.75,32565.375
2026-07-28T15:00:00-04:00,7722.0,100,1,AAPLG312634000.U^G26,340.0,2026-07-31,339.35,6.275,0.0,False,33935.0,-627.5,41029.5,16967.5,8483.75,24062.0,32545.75
2026-07-28T16:00:00-04:00,7722.0,100,1,AAPLG312634000.U^G26,340.0,2026-07-31,340.0,6.55,0.0,False,34000.0,-655.0,41067.0,17000.0,8500.0,24067.0,32567.0
2026-07-29T10:00:00-04:00,7722.0,100,1,AAPLG312634000.U^G26,340.0,2026-07-31,342.84,7.9,0.0,False,34284.0,-790.0,41216.0,17142.0,8571.0,24074.0,32645.0
2026-07-29T11:00:00-04:00,7722.0,100,1,AAPLG312634000.U^G26,340.0,2026-07-31,340.39,6.375,0.0,False,34039.0,-637.5,41123.5,17019.5,8509.75,24104.0,32613.75
2026-07-29T12:00:00-04:00,7722.0,100,1,AAPLG312634000.U^G26,340.0,2026-07-31,341.06,6.800000000000001,0.0,False,34106.0,-680.0000000000001,41148.0,17053.0,8526.5,24095.0,32621.5
2026-07-29T13:00:00-04:00,7722.0,100,1,AAPLG312634000.U^G26,340.0,2026-07-31,341.31,6.85,0.0,False,34131.0,-685.0,41168.0,17065.5,8532.75,24102.5,32635.25
2026-07-29T14:00:00-04:00,7722.0,100,1,AAPLG312634000.U^G26,340.0,2026-07-31,343.236,7.975,0.0,False,34323.6,-797.5,41248.1,17161.8,8580.9,24086.3,32667.199999999997
2026-07-29T15:00:00-04:00,7722.0,100,1,AAPLG312634000.U^G26,340.0,2026-07-31,342.9,7.625,0.0,False,34290.0,-762.5,41249.5,17145.0,8572.5,24104.5,32677.0
2026-07-29T16:00:00-04:00,7722.0,100,1,AAPLG312634000.U^G26,340.0,2026-07-31,338.05,5.25,0.0,False,33805.0,-525.0,41002.0,16902.5,8451.25,24099.5,32550.75
2026-07-30T10:00:00-04:00,7722.0,100,1,AAPLG312634000.U^G26,340.0,2026-07-31,332.09,2.575,0.0,False,33209.0,-257.5,40673.5,16604.5,8302.25,24069.0,32371.25
2026-07-30T11:00:00-04:00,7722.0,100,1,AAPLG312634000.U^G26,340.0,2026-07-31,332.3029,2.585,0.0,False,33230.29,-258.5,40693.79,16615.145,8307.5725,24078.645,32386.2175
2026-07-30T12:00:00-04:00,7722.0,100,1,AAPLG312634000.U^G26,340.0,2026-07-31,331.755,2.385,0.0,False,33175.5,-238.49999999999997,40659.0,16587.75,8293.875,24071.25,32365.125
2026-07-30T13:00:00-04:00,7722.0,100,1,AAPLG312634000.U^G26,340.0,2026-07-31,331.6,2.34,0.0,False,33160.0,-234.0,40648.0,16580.0,8290.0,24068.0,32358.0
2026-07-30T14:00:00-04:00,7722.0,100,1,AAPLG312634000.U^G26,340.0,2026-07-31,333.3155,2.8,0.0,False,33331.549999999996,-280.0,40773.549999999996,16665.774999999998,8332.887499999999,24107.774999999998,32440.6625
2026-07-30T15:00:00-04:00,7722.0,100,1,AAPLG312634000.U^G26,340.0,2026-07-31,333.74,3.075,0.0,False,33374.0,-307.5,40788.5,16687.0,8343.5,24101.5,32445.0
2026-07-30T16:00:00-04:00,7722.0,100,1,AAPLG312634000.U^G26,340.0,2026-07-31,333.86,3.375,0.0,False,33386.0,-337.5,40770.5,16693.0,8346.5,24077.5,32424.0
2026-07-31T10:00:00-04:00,7722.0,100,1,AAPLG312634000.U^G26,340.0,2026-07-31,302.79,0.005,0.0,False,30279.000000000004,-0.5,38000.5,15139.500000000002,7569.750000000001,22861.0,30430.75
2026-07-31T11:00:00-04:00,7722.0,100,1,AAPLG312634000.U^G26,340.0,2026-07-31,303.1672,0.005,0.0,False,30316.719999999998,-0.5,38038.22,15158.359999999999,7579.179999999999,22879.86,30459.04
2026-07-31T12:00:00-04:00,7722.0,100,1,AAPLG312634000.U^G26,340.0,2026-07-31,301.304278,0.005,0.0,False,30130.4278,-0.5,37851.927800000005,15065.2139,7532.60695,22786.713900000002,30319.320850000004
2026-07-31T13:00:00-04:00,7722.0,100,1,AAPLG312634000.U^G26,340.0,2026-07-31,300.866,0.005,0.0,False,30086.6,-0.5,37808.1,15043.3,7521.65,22764.8,30286.449999999997
2026-07-31T14:00:00-04:00,7722.0,100,1,AAPLG312634000.U^G26,340.0,2026-07-31,300.639,0.005,0.0,False,30063.9,-0.5,37785.4,15031.95,7515.975,22753.45,30269.425000000003
2026-07-31T15:00:00-04:00,7722.0,100,1,AAPLG312634000.U^G26,340.0,2026-07-31,302.8399,0.005,0.0,False,30283.99,-0.5,38005.490000000005,15141.995,7570.9975,22863.495000000003,30434.492500000004
2026-07-31T16:00:00-04:00,7722.0,100,0,,,,309.05,,0.0,False,30905.0,0.0,38627.0,15452.5,7726.25,23174.5,30900.75
2026-08-03T11:00:00-04:00,8064.5,100,1,AAPLH072630750.U^H26,307.5,2026-08-07,305.3488,3.425,0.0,False,30534.879999999997,-342.5,38256.88,15267.439999999999,7633.719999999999,22989.44,30623.159999999996
2026-08-03T12:00:00-04:00,8064.5,100,1,AAPLH072630750.U^H26,307.5,2026-08-07,303.775,2.7649999999999997,0.0,False,30377.499999999996,-276.49999999999994,38165.5,15188.749999999998,7594.374999999999,22976.75,30571.125
2026-08-03T13:00:00-04:00,8064.5,100,1,AAPLH072630750.U^H26,307.5,2026-08-07,306.6,4.0,0.0,False,30660.000000000004,-400.0,38324.5,15330.000000000002,7665.000000000001,22994.5,30659.5
2026-08-03T14:00:00-04:00,8064.5,100,1,AAPLH072630750.U^H26,307.5,2026-08-07,306.075,3.7249999999999996,0.0,False,30607.5,-372.49999999999994,38299.5,15303.75,7651.875,22995.75,30647.625
2026-08-03T15:00:00-04:00,8064.5,100,1,AAPLH072630750.U^H26,307.5,2026-08-07,305.216,3.375,0.0,False,30521.600000000002,-337.5,38248.600000000006,15260.800000000001,7630.400000000001,22987.800000000003,30618.200000000004
2026-08-03T16:00:00-04:00,8064.5,100,1,AAPLH072630750.U^H26,307.5,2026-08-07,303.4,2.6550000000000002,0.0,False,30339.999999999996,-265.5,38139.0,15169.999999999998,7584.999999999999,22969.0,30554.0
2026-08-04T10:00:00-04:00,8064.5,100,1,AAPLH072630750.U^H26,307.5,2026-08-07,305.3152,2.96,0.0,False,30531.52,-296.0,38300.020000000004,15265.76,7632.88,23034.260000000002,30667.140000000003
2026-08-04T11:00:00-04:00,8064.5,100,1,AAPLH072630750.U^H26,307.5,2026-08-07,306.2395,3.0999999999999996,0.0,False,30623.95,-309.99999999999994,38378.45,15311.975,7655.9875,23066.475,30722.462499999998
2026-08-04T12:00:00-04:00,8064.5,100,1,AAPLH072630750.U^H26,307.5,2026-08-07,306.3558,3.2,0.0,False,30635.579999999998,-320.0,38380.08,15317.789999999999,7658.8949999999995,23062.29,30721.185
2026-08-04T13:00:00-04:00,8064.5,100,1,AAPLH072630750.U^H26,307.5,2026-08-07,308.2454,4.075,0.0,False,30824.54,-407.5,38481.54,15412.27,7706.135,23069.27,30775.405
2026-08-04T14:00:00-04:00,8064.5,100,1,AAPLH072630750.U^H26,307.5,2026-08-07,309.356,4.725,0.0,False,30935.6,-472.49999999999994,38527.6,15467.8,7733.9,23059.8,30793.699999999997
2026-08-04T15:00:00-04:00,8064.5,100,1,AAPLH072630750.U^H26,307.5,2026-08-07,308.534,4.15,0.0,False,30853.399999999998,-415.00000000000006,38502.899999999994,15426.699999999999,7713.349999999999,23076.199999999997,30789.549999999996
2026-08-04T16:00:00-04:00,8064.5,100,1,AAPLH072630750.U^H26,307.5,2026-08-07,309.275,4.824999999999999,0.0,False,30927.499999999996,-482.49999999999994,38509.5,15463.749999999998,7731.874999999999,23045.75,30777.625
2026-08-05T10:00:00-04:00,8064.5,100,1,AAPLH072630750.U^H26,307.5,2026-08-07,308.0,3.45,0.0,False,30800.0,-345.0,38519.5,15400.0,7700.0,23119.5,30819.5
2026-08-05T11:00:00-04:00,8064.5,100,1,AAPLH072630750.U^H26,307.5,2026-08-07,310.8079,5.475,0.0,False,31080.79,-547.5,38597.79,15540.395,7770.1975,23057.395,30827.5925
2026-08-05T12:00:00-04:00,8064.5,100,1,AAPLH072630750.U^H26,307.5,2026-08-07,308.0,3.325,0.0,False,30800.0,-332.5,38532.0,15400.0,7700.0,23132.0,30832.0
2026-08-05T13:00:00-04:00,8064.5,100,1,AAPLH072630750.U^H26,307.5,2026-08-07,308.828,3.6500000000000004,0.0,False,30882.799999999996,-365.00000000000006,38582.299999999996,15441.399999999998,7720.699999999999,23140.899999999998,30861.6
2026-08-05T14:00:00-04:00,8064.5,100,1,AAPLH072630750.U^H26,307.5,2026-08-07,308.932,3.7,0.0,False,30893.2,-370.0,38587.7,15446.6,7723.3,23141.1,30864.399999999998
2026-08-05T15:00:00-04:00,8064.5,100,1,AAPLH072630750.U^H26,307.5,2026-08-07,308.96,3.575,0.0,False,30895.999999999996,-357.5,38603.0,15447.999999999998,7723.999999999999,23155.0,30879.0
2026-08-05T16:00:00-04:00,8064.5,100,1,AAPLH072630750.U^H26,307.5,2026-08-07,310.9742,4.925000000000001,0.0,False,31097.42,-492.50000000000006,38669.42,15548.71,7774.355,23120.71,30895.065
2026-08-06T10:00:00-04:00,8064.5,100,1,AAPLH072630750.U^H26,307.5,2026-08-07,314.77,7.775,0.0,False,31477.0,-777.5,38764.0,15738.5,7869.25,23025.5,30894.75
2026-08-06T11:00:00-04:00,8064.5,100,1,AAPLH072630750.U^H26,307.5,2026-08-07,313.354,6.375,0.0,False,31335.399999999998,-637.5,38762.399999999994,15667.699999999999,7833.849999999999,23094.699999999997,30928.549999999996
2026-08-06T12:00:00-04:00,8064.5,100,1,AAPLH072630750.U^H26,307.5,2026-08-07,309.54,3.5,0.0,False,30954.000000000004,-350.0,38668.5,15477.000000000002,7738.500000000001,23191.5,30930.0
2026-08-06T13:00:00-04:00,8064.5,100,1,AAPLH072630750.U^H26,307.5,2026-08-07,311.661,4.9,0.0,False,31166.1,-490.00000000000006,38740.6,15583.05,7791.525,23157.55,30949.074999999997
2026-08-06T14:00:00-04:00,8064.5,100,1,AAPLH072630750.U^H26,307.5,2026-08-07,312.16,5.225,0.0,False,31216.000000000004,-522.5,38758.0,15608.000000000002,7804.000000000001,23150.0,30954.0
2026-08-06T15:00:00-04:00,8064.5,100,1,AAPLH072630750.U^H26,307.5,2026-08-07,312.278,5.25,0.0,False,31227.800000000003,-525.0,38767.3,15613.900000000001,7806.950000000001,23153.4,30960.350000000002
2026-08-06T16:00:00-04:00,8064.5,100,1,AAPLH072630750.U^H26,307.5,2026-08-07,312.5,5.45,0.0,False,31250.0,-545.0,38769.5,15625.0,7812.5,23144.5,30957.0
2026-08-07T10:00:00-04:00,8064.5,100,1,AAPLH072630750.U^H26,307.5,2026-08-07,311.675,4.3,0.0,False,31167.5,-430.0,38802.0,15583.75,7791.875,23218.25,31010.125
2026-08-07T11:00:00-04:00,8064.5,100,1,AAPLH072630750.U^H26,307.5,2026-08-07,314.3429,6.85,0.0,False,31434.289999999997,-685.0,38813.78999999999,15717.144999999999,7858.572499999999,23096.644999999997,30955.217499999995
2026-08-07T12:00:00-04:00,8064.5,100,1,AAPLH072630750.U^H26,307.5,2026-08-07,312.1572,4.75,0.0,False,31215.719999999998,-475.0,38805.22,15607.859999999999,7803.929999999999,23197.36,31001.29
2026-08-07T13:00:00-04:00,8064.5,100,1,AAPLH072630750.U^H26,307.5,2026-08-07,312.22,4.725,0.0,False,31222.000000000004,-472.49999999999994,38814.0,15611.000000000002,7805.500000000001,23203.0,31008.5
2026-08-07T14:00:00-04:00,8064.5,100,1,AAPLH072630750.U^H26,307.5,2026-08-07,312.994,5.5,0.0,False,31299.4,-550.0,38813.9,15649.7,7824.85,23164.2,30989.050000000003
2026-08-07T15:00:00-04:00,8064.5,100,1,AAPLH072630750.U^H26,307.5,2026-08-07,312.41,4.85,0.0,False,31241.000000000004,-484.99999999999994,38820.5,15620.500000000002,7810.250000000001,23200.0,31010.25
2026-08-07T16:00:00-04:00,38814.5,0,0,,,,313.34,,0.0,False,0.0,0.0,38814.5,0.0,0.0,38814.5,38814.5
2026-08-10T11:00:00-04:00,8451.099999999999,100,1,AAPLH142630750.U^H26,307.5,2026-08-14,307.134,3.5,0.0,False,30713.4,-350.0,38814.5,15356.7,7678.35,23457.8,31136.15
2026-08-10T12:00:00-04:00,8451.099999999999,100,1,AAPLH142630750.U^H26,307.5,2026-08-14,307.14,3.3499999999999996,0.0,False,30714.0,-334.99999999999994,38830.1,15357.0,7678.5,23473.1,31151.6
2026-08-10T13:00:00-04:00,8451.099999999999,100,1,AAPLH142630750.U^H26,307.5,2026-08-14,306.2624,2.9299999999999997,0.0,False,30626.24,-293.0,38784.34,15313.12,7656.56,23471.219999999994,31127.779999999995
2026-08-10T14:00:00-04:00,8451.099999999999,100,1,AAPLH142630750.U^H26,307.5,2026-08-14,306.725,3.125,0.0,False,30672.500000000004,-312.5,38811.100000000006,15336.250000000002,7668.125000000001,23474.850000000006,31142.975000000006
2026-08-10T15:00:00-04:00,8451.099999999999,100,1,AAPLH142630750.U^H26,307.5,2026-08-14,307.048,3.2,0.0,False,30704.8,-320.0,38835.899999999994,15352.4,7676.2,23483.499999999993,31159.699999999993
2026-08-10T16:00:00-04:00,8451.099999999999,100,1,AAPLH142630750.U^H26,307.5,2026-08-14,308.21,3.775,0.0,False,30820.999999999996,-377.5,38894.59999999999,15410.499999999998,7705.249999999999,23484.09999999999,31189.34999999999
2026-08-11T10:00:00-04:00,8451.099999999999,100,1,AAPLH142630750.U^H26,307.5,2026-08-14,306.29,2.465,0.0,False,30629.000000000004,-246.5,38833.600000000006,15314.500000000002,7657.250000000001,23519.100000000006,31176.350000000006
2026-08-11T11:00:00-04:00,8451.099999999999,100,1,AAPLH142630750.U^H26,307.5,2026-08-14,306.59,2.4699999999999998,0.0,False,30658.999999999996,-246.99999999999997,38863.09999999999,15329.499999999998,7664.749999999999,23533.59999999999,31198.34999999999
2026-08-11T12:00:00-04:00,8451.099999999999,100,1,AAPLH142630750.U^H26,307.5,2026-08-14,307.2443,2.755,0.0,False,30724.43,-275.5,38900.03,15362.215,7681.1075,23537.815,31218.9225
2026-08-11T13:00:00-04:00,8451.099999999999,100,1,AAPLH142630750.U^H26,307.5,2026-08-14,306.236,2.23,0.0,False,30623.6,-223.0,38851.7,15311.8,7655.9,23539.899999999998,31195.799999999996
2026-08-11T14:00:00-04:00,8451.099999999999,100,1,AAPLH142630750.U^H26,307.5,2026-08-14,306.02,2.19,0.0,False,30602.0,-219.0,38834.1,15301.0,7650.5,23533.1,31183.6
2026-08-11T15:00:00-04:00,8451.099999999999,100,1,AAPLH142630750.U^H26,307.5,2026-08-14,304.348,1.56,0.0,False,30434.800000000003,-156.0,38729.9,15217.400000000001,7608.700000000001,23512.5,31121.2
2026-08-11T16:00:00-04:00,8451.099999999999,100,1,AAPLH142630750.U^H26,307.5,2026-08-14,304.91,1.73,0.0,False,30491.000000000004,-173.0,38769.100000000006,15245.500000000002,7622.750000000001,23523.600000000006,31146.350000000006
2026-08-12T10:00:00-04:00,8451.099999999999,100,1,AAPLH142630750.U^H26,307.5,2026-08-14,303.37,0.95,0.0,False,30337.0,-95.0,38693.1,15168.5,7584.25,23524.6,31108.85
2026-08-12T11:00:00-04:00,8451.099999999999,100,1,AAPLH142630750.U^H26,307.5,2026-08-14,302.442,0.71,0.0,False,30244.2,-71.0,38624.3,15122.1,7561.05,23502.200000000004,31063.250000000004
2026-08-12T12:00:00-04:00,8451.099999999999,100,1,AAPLH142630750.U^H26,307.5,2026-08-14,301.18,0.52,0.0,False,30118.0,-52.0,38517.1,15059.0,7529.5,23458.1,30987.6
2026-08-12T13:00:00-04:00,8451.099999999999,100,1,AAPLH142630750.U^H26,307.5,2026-08-14,302.165,0.65,0.0,False,30216.500000000004,-65.0,38602.600000000006,15108.250000000002,7554.125000000001,23494.350000000006,31048.475000000006
2026-08-12T14:00:00-04:00,8451.099999999999,100,1,AAPLH142630750.U^H26,307.5,2026-08-14,301.505,0.565,0.0,False,30150.5,-56.49999999999999,38545.1,15075.25,7537.625,23469.85,31007.475
2026-08-12T15:00:00-04:00,8451.099999999999,100,1,AAPLH142630750.U^H26,307.5,2026-08-14,301.416,0.54,0.0,False,30141.6,-54.0,38538.7,15070.8,7535.4,23467.899999999998,31003.299999999996
2026-08-12T16:00:00-04:00,8451.099999999999,100,1,AAPLH142630750.U^H26,307.5,2026-08-14,302.23,0.63,0.0,False,30223.0,-63.0,38611.1,15111.5,7555.75,23499.6,31055.35
2026-08-13T10:00:00-04:00,8451.099999999999,100,1,AAPLH142630750.U^H26,307.5,2026-08-14,304.5801,0.8,0.0,False,30458.010000000002,-80.0,38829.11,15229.005000000001,7614.5025000000005,23600.105,31214.6075
2026-08-13T11:00:00-04:00,8451.099999999999,100,1,AAPLH142630750.U^H26,307.5,2026-08-14,305.1229,0.89,0.0,False,30512.29,-89.0,38874.39,15256.145,7628.0725,23618.245,31246.317499999997
2026-08-13T12:00:00-04:00,8451.099999999999,100,1,AAPLH142630750.U^H26,307.5,2026-08-14,302.7972,0.375,0.0,False,30279.719999999998,-37.5,38693.31999999999,15139.859999999999,7569.929999999999,23553.459999999992,31123.389999999992
2026-08-13T13:00:00-04:00,8451.099999999999,100,1,AAPLH142630750.U^H26,307.5,2026-08-14,303.0443,0.365,0.0,False,30304.43,-36.5,38719.03,15152.215,7576.1075,23566.815,31142.9225
2026-08-13T14:00:00-04:00,8451.099999999999,100,1,AAPLH142630750.U^H26,307.5,2026-08-14,303.4432,0.385,0.0,False,30344.32,-38.5,38756.92,15172.16,7586.08,23584.76,31170.839999999997
2026-08-13T15:00:00-04:00,8451.099999999999,100,1,AAPLH142630750.U^H26,307.5,2026-08-14,303.18,0.36,0.0,False,30318.0,-36.0,38733.1,15159.0,7579.5,23574.1,31153.6
2026-08-13T16:00:00-04:00,8451.099999999999,100,1,AAPLH142630750.U^H26,307.5,2026-08-14,305.29,0.815,0.0,False,30529.000000000004,-81.5,38898.600000000006,15264.500000000002,7632.250000000001,23634.100000000006,31266.350000000006
2026-08-14T10:00:00-04:00,8451.099999999999,100,1,AAPLH142630750.U^H26,307.5,2026-08-14,306.14,0.495,0.0,False,30614.0,-49.5,39015.6,15307.0,7653.5,23708.6,31362.1
2026-08-14T11:00:00-04:00,8451.099999999999,100,1,AAPLH142630750.U^H26,307.5,2026-08-14,305.16,0.135,0.0,False,30516.000000000004,-13.5,38953.600000000006,15258.000000000002,7629.000000000001,23695.600000000006,31324.600000000006
2026-08-14T12:00:00-04:00,8451.099999999999,100,1,AAPLH142630750.U^H26,307.5,2026-08-14,305.6732,0.14500000000000002,0.0,False,30567.32,-14.500000000000002,39003.92,15283.66,7641.83,23720.26,31362.089999999997
2026-08-14T13:00:00-04:00,8451.099999999999,100,1,AAPLH142630750.U^H26,307.5,2026-08-14,305.43,0.07500000000000001,0.0,False,30543.0,-7.500000000000001,38986.6,15271.5,7635.75,23715.1,31350.85
2026-08-14T14:00:00-04:00,8451.099999999999,100,1,AAPLH142630750.U^H26,307.5,2026-08-14,306.05,0.095,0.0,False,30605.0,-9.5,39046.6,15302.5,7651.25,23744.1,31395.35
2026-08-14T15:00:00-04:00,8451.099999999999,100,1,AAPLH142630750.U^H26,307.5,2026-08-14,305.588,0.025,0.0,False,30558.800000000003,-2.5,39007.4,15279.400000000001,7639.700000000001,23728.0,31367.7
2026-08-14T16:00:00-04:00,8451.099999999999,100,0,,,,305.97,,0.0,False,30597.000000000004,0.0,39048.100000000006,15298.500000000002,7649.250000000001,23749.600000000006,31398.850000000006
2026-08-17T11:00:00-04:00,8724.099999999999,100,1,AAPLH212630500.U^H26,305.0,2026-08-21,304.13,2.73,0.0,False,30413.0,-273.0,38864.1,15206.5,7603.25,23657.6,31260.85
2026-08-17T12:00:00-04:00,8724.099999999999,100,1,AAPLH212630500.U^H26,305.0,2026-08-21,303.1786,2.315,0.0,False,30317.86,-231.5,38810.46,15158.93,7579.465,23651.53,31230.995
2026-08-17T13:00:00-04:00,8724.099999999999,100,1,AAPLH212630500.U^H26,305.0,2026-08-21,303.046,2.34,0.0,False,30304.6,-234.0,38794.7,15152.3,7576.15,23642.399999999998,31218.549999999996
2026-08-17T14:00:00-04:00,8724.099999999999,100,1,AAPLH212630500.U^H26,305.0,2026-08-21,304.3,2.875,0.0,False,30430.0,-287.5,38866.6,15215.0,7607.5,23651.6,31259.1
2026-08-17T15:00:00-04:00,8724.099999999999,100,1,AAPLH212630500.U^H26,305.0,2026-08-21,305.68,3.55,0.0,False,30568.0,-355.0,38937.1,15284.0,7642.0,23653.1,31295.1
2026-08-17T16:00:00-04:00,8724.099999999999,100,1,AAPLH212630500.U^H26,305.0,2026-08-21,305.68,3.575,0.0,False,30568.0,-357.5,38934.6,15284.0,7642.0,23650.6,31292.6
2026-08-18T10:00:00-04:00,8724.099999999999,100,1,AAPLH212630500.U^H26,305.0,2026-08-21,307.29,4.25,0.0,False,30729.000000000004,-425.0,39028.100000000006,15364.500000000002,7682.250000000001,23663.600000000006,31345.850000000006
2026-08-18T11:00:00-04:00,8724.099999999999,100,1,AAPLH212630500.U^H26,305.0,2026-08-21,310.395,6.725,0.0,False,31039.5,-672.5,39091.1,15519.75,7759.875,23571.35,31331.225
2026-08-18T12:00:00-04:00,8724.099999999999,100,1,AAPLH212630500.U^H26,305.0,2026-08-21,309.54,5.9,0.0,False,30954.000000000004,-590.0,39088.100000000006,15477.000000000002,7738.500000000001,23611.100000000006,31349.600000000006
2026-08-18T13:00:00-04:00,8724.099999999999,100,1,AAPLH212630500.U^H26,305.0,2026-08-21,310.75,6.825,0.0,False,31075.0,-682.5,39116.6,15537.5,7768.75,23579.1,31347.85
2026-08-18T14:00:00-04:00,8724.099999999999,100,1,AAPLH212630500.U^H26,305.0,2026-08-21,310.13,6.325,0.0,False,31013.0,-632.5,39104.6,15506.5,7753.25,23598.1,31351.35
2026-08-18T15:00:00-04:00,8724.099999999999,100,1,AAPLH212630500.U^H26,305.0,2026-08-21,310.376,6.675,0.0,False,31037.6,-667.5,39094.2,15518.8,7759.4,23575.399999999998,31334.799999999996
2026-08-18T16:00:00-04:00,8724.099999999999,100,1,AAPLH212630500.U^H26,305.0,2026-08-21,310.13,6.5,0.0,False,31013.0,-650.0,39087.1,15506.5,7753.25,23580.6,31333.85
2026-08-19T10:00:00-04:00,8724.099999999999,100,1,AAPLH212630500.U^H26,305.0,2026-08-21,316.375,11.525,0.0,False,31637.5,-1152.5,39209.1,15818.75,7909.375,23390.35,31299.725
2026-08-19T11:00:00-04:00,8724.099999999999,100,1,AAPLH212630500.U^H26,305.0,2026-08-21,317.8689,13.274999999999999,0.0,False,31786.89,-1327.4999999999998,39183.49,15893.445,7946.7225,23290.045,31236.767499999998
2026-08-19T12:00:00-04:00,8724.099999999999,100,1,AAPLH212630500.U^H26,305.0,2026-08-21,316.2986,11.575,0.0,False,31629.86,-1157.5,39196.46,15814.93,7907.465,23381.53,31288.995
2026-08-19T13:00:00-04:00,8724.099999999999,100,1,AAPLH212630500.U^H26,305.0,2026-08-21,315.12,10.55,0.0,False,31512.0,-1055.0,39181.1,15756.0,7878.0,23425.1,31303.1
2026-08-19T14:00:00-04:00,8724.099999999999,100,1,AAPLH212630500.U^H26,305.0,2026-08-21,315.214,10.675,0.0,False,31521.4,-1067.5,39178.0,15760.7,7880.35,23417.3,31297.65
2026-08-19T15:00:00-04:00,8724.099999999999,100,1,AAPLH212630500.U^H26,305.0,2026-08-21,314.8988,10.35,0.0,False,31489.88,-1035.0,39178.979999999996,15744.94,7872.47,23434.039999999994,31306.509999999995
2026-08-19T16:00:00-04:00,8724.099999999999,100,1,AAPLH212630500.U^H26,305.0,2026-08-21,316.76,11.775,0.0,False,31676.0,-1177.5,39222.6,15838.0,7919.0,23384.6,31303.6
2026-08-20T10:00:00-04:00,8724.099999999999,100,1,AAPLH212630500.U^H26,305.0,2026-08-21,317.2657,12.375,0.0,False,31726.57,-1237.5,39213.17,15863.285,7931.6425,23349.885,31281.527499999997
2026-08-20T11:00:00-04:00,8724.099999999999,100,1,AAPLH212630500.U^H26,305.0,2026-08-21,317.424,12.525,0.0,False,31742.399999999998,-1252.5,39214.0,15871.199999999999,7935.599999999999,23342.800000000003,31278.4
2026-08-20T12:00:00-04:00,8724.099999999999,100,1,AAPLH212630500.U^H26,305.0,2026-08-21,316.935,12.175,0.0,False,31693.5,-1217.5,39200.1,15846.75,7923.375,23353.35,31276.725
2026-08-20T13:00:00-04:00,8724.099999999999,100,1,AAPLH212630500.U^H26,305.0,2026-08-21,317.2101,12.3,0.0,False,31721.010000000002,-1230.0,39215.11,15860.505000000001,7930.2525000000005,23354.605,31284.8575
2026-08-20T14:00:00-04:00,8724.099999999999,100,1,AAPLH212630500.U^H26,305.0,2026-08-21,316.324,11.55,0.0,False,31632.4,-1155.0,39201.5,15816.2,7908.1,23385.3,31293.4
2026-08-20T15:00:00-04:00,8724.099999999999,100,1,AAPLH212630500.U^H26,305.0,2026-08-21,315.1279,10.45,0.0,False,31512.79,-1045.0,39191.89,15756.395,7878.1975,23435.495,31313.692499999997
2026-08-20T16:00:00-04:00,8724.099999999999,100,1,AAPLH212630500.U^H26,305.0,2026-08-21,311.25,6.775,0.0,False,31125.0,-677.5,39171.6,15562.5,7781.25,23609.1,31390.35
2026-08-21T10:00:00-04:00,8724.099999999999,100,1,AAPLH212630500.U^H26,305.0,2026-08-21,307.34,2.85,0.0,False,30733.999999999996,-285.0,39173.09999999999,15366.999999999998,7683.499999999999,23806.09999999999,31489.59999999999
2026-08-21T11:00:00-04:00,8724.099999999999,100,1,AAPLH212630500.U^H26,305.0,2026-08-21,309.4586,4.449999999999999,0.0,False,30945.86,-444.99999999999994,39224.96,15472.93,7736.465,23752.03,31488.495
2026-08-21T12:00:00-04:00,8724.099999999999,100,1,AAPLH212630500.U^H26,305.0,2026-08-21,311.53,6.45,0.0,False,31152.999999999996,-645.0,39232.09999999999,15576.499999999998,7788.249999999999,23655.59999999999,31443.84999999999
2026-08-21T13:00:00-04:00,8724.099999999999,100,1,AAPLH212630500.U^H26,305.0,2026-08-21,311.005,5.975,0.0,False,31100.5,-597.5,39227.1,15550.25,7775.125,23676.85,31451.975
2026-08-21T14:00:00-04:00,8724.099999999999,100,1,AAPLH212630500.U^H26,305.0,2026-08-21,309.565,4.6,0.0,False,30956.5,-459.99999999999994,39220.6,15478.25,7739.125,23742.35,31481.475
2026-08-21T15:00:00-04:00,8724.099999999999,100,1,AAPLH212630500.U^H26,305.0,2026-08-21,308.804,3.8,0.0,False,30880.399999999998,-380.0,39224.5,15440.199999999999,7720.099999999999,23784.300000000003,31504.4
2026-08-21T16:00:00-04:00,39224.1,0,0,,,,309.33,,0.0,False,0.0,0.0,39224.1,0.0,0.0,39224.1,39224.1
2026-08-24T11:00:00-04:00,8194.599999999995,100,1,AAPLH282631500.U^H26,315.0,2026-08-28,312.97,2.675,0.0,False,31297.000000000004,-267.5,39224.1,15648.500000000002,7824.250000000001,23575.6,31399.85
2026-08-24T12:00:00-04:00,8194.599999999995,100,1,AAPLH282631500.U^H26,315.0,2026-08-28,311.69,2.0300000000000002,0.0,False,31169.0,-203.00000000000003,39160.59999999999,15584.5,7792.25,23576.09999999999,31368.34999999999
2026-08-24T13:00:00-04:00,8194.599999999995,100,1,AAPLH282631500.U^H26,315.0,2026-08-28,312.94,2.62,0.0,False,31294.0,-262.0,39226.59999999999,15647.0,7823.5,23579.59999999999,31403.09999999999
2026-08-24T14:00:00-04:00,8194.599999999995,100,1,AAPLH282631500.U^H26,315.0,2026-08-28,312.02,2.18,0.0,False,31202.0,-218.00000000000003,39178.59999999999,15601.0,7800.5,23577.59999999999,31378.09999999999
2026-08-24T15:00:00-04:00,8194.599999999995,100,1,AAPLH282631500.U^H26,315.0,2026-08-28,311.592,2.085,0.0,False,31159.199999999997,-208.5,39145.29999999999,15579.599999999999,7789.799999999999,23565.69999999999,31355.49999999999
2026-08-24T16:00:00-04:00,8194.599999999995,100,1,AAPLH282631500.U^H26,315.0,2026-08-28,310.36,1.665,0.0,False,31036.0,-166.5,39064.09999999999,15518.0,7759.0,23546.09999999999,31305.09999999999
2026-08-25T10:00:00-04:00,8194.599999999995,100,1,AAPLH282631500.U^H26,315.0,2026-08-28,310.44,1.44,0.0,False,31044.0,-144.0,39094.59999999999,15522.0,7761.0,23572.59999999999,31333.59999999999
2026-08-25T11:00:00-04:00,8194.599999999995,100,1,AAPLH282631500.U^H26,315.0,2026-08-28,309.0886,1.0150000000000001,0.0,False,30908.859999999997,-101.50000000000001,39001.95999999999,15454.429999999998,7727.214999999999,23547.52999999999,31274.74499999999
2026-08-25T12:00:00-04:00,8194.599999999995,100,1,AAPLH282631500.U^H26,315.0,2026-08-28,309.6,1.1,0.0,False,30960.000000000004,-110.00000000000001,39044.6,15480.000000000002,7740.000000000001,23564.6,31304.6
2026-08-25T13:00:00-04:00,8194.599999999995,100,1,AAPLH282631500.U^H26,315.0,2026-08-28,310.038,1.165,0.0,False,31003.800000000003,-116.5,39081.899999999994,15501.900000000001,7750.950000000001,23579.999999999993,31330.949999999993
2026-08-25T14:00:00-04:00,8194.599999999995,100,1,AAPLH282631500.U^H26,315.0,2026-08-28,309.468,0.98,0.0,False,30946.800000000003,-98.0,39043.399999999994,15473.400000000001,7736.700000000001,23569.999999999993,31306.699999999993
2026-08-25T15:00:00-04:00,8194.599999999995,100,1,AAPLH282631500.U^H26,315.0,2026-08-28,308.576,0.8300000000000001,0.0,False,30857.600000000002,-83.0,38969.2,15428.800000000001,7714.400000000001,23540.399999999994,31254.799999999996
2026-08-25T16:00:00-04:00,8194.599999999995,100,1,AAPLH282631500.U^H26,315.0,2026-08-28,309.8,1.17,0.0,False,30980.0,-117.0,39057.59999999999,15490.0,7745.0,23567.59999999999,31312.59999999999
2026-08-26T10:00:00-04:00,8194.599999999995,100,1,AAPLH282631500.U^H26,315.0,2026-08-28,312.5,1.665,0.0,False,31250.0,-166.5,39278.09999999999,15625.0,7812.5,23653.09999999999,31465.59999999999
2026-08-26T11:00:00-04:00,8194.599999999995,100,1,AAPLH282631500.U^H26,315.0,2026-08-28,312.816,1.7,0.0,False,31281.6,-170.0,39306.2,15640.8,7820.4,23665.399999999998,31485.799999999996
2026-08-26T12:00:00-04:00,8194.599999999995,100,1,AAPLH282631500.U^H26,315.0,2026-08-28,312.93,1.685,0.0,False,31293.0,-168.5,39319.09999999999,15646.5,7823.25,23672.59999999999,31495.84999999999
2026-08-26T13:00:00-04:00,8194.599999999995,100,1,AAPLH282631500.U^H26,315.0,2026-08-28,313.034,1.79,0.0,False,31303.399999999998,-179.0,39318.99999999999,15651.699999999999,7825.849999999999,23667.299999999996,31493.149999999994
2026-08-26T14:00:00-04:00,8194.599999999995,100,1,AAPLH282631500.U^H26,315.0,2026-08-28,312.946,1.705,0.0,False,31294.600000000002,-170.5,39318.7,15647.300000000001,7823.650000000001,23671.399999999994,31495.049999999996
2026-08-26T15:00:00-04:00,8194.599999999995,100,1,AAPLH282631500.U^H26,315.0,2026-08-28,314.56,2.48,0.0,False,31456.0,-248.0,39402.59999999999,15728.0,7864.0,23674.59999999999,31538.59999999999
2026-08-26T16:00:00-04:00,8194.599999999995,100,1,AAPLH282631500.U^H26,315.0,2026-08-28,313.46,1.9449999999999998,0.0,False,31345.999999999996,-194.49999999999997,39346.09999999999,15672.999999999998,7836.499999999999,23673.09999999999,31509.59999999999
2026-08-27T10:00:00-04:00,8194.599999999995,100,1,AAPLH282631500.U^H26,315.0,2026-08-28,311.605,0.86,0.0,False,31160.5,-86.0,39269.09999999999,15580.25,7790.125,23688.84999999999,31478.97499999999
2026-08-27T11:00:00-04:00,8194.599999999995,100,1,AAPLH282631500.U^H26,315.0,2026-08-28,313.41,1.37,0.0,False,31341.000000000004,-137.0,39398.6,15670.500000000002,7835.250000000001,23728.1,31563.35
2026-08-27T12:00:00-04:00,8194.599999999995,100,1,AAPLH282631500.U^H26,315.0,2026-08-28,314.805,1.89,0.0,False,31480.5,-189.0,39486.09999999999,15740.25,7870.125,23745.84999999999,31615.97499999999
2026-08-27T13:00:00-04:00,8194.599999999995,100,1,AAPLH282631500.U^H26,315.0,2026-08-28,314.99,1.8900000000000001,0.0,False,31499.0,-189.0,39504.59999999999,15749.5,7874.75,23755.09999999999,31629.84999999999
2026-08-27T14:00:00-04:00,8194.599999999995,100,1,AAPLH282631500.U^H26,315.0,2026-08-28,314.83,1.725,0.0,False,31483.0,-172.5,39505.09999999999,15741.5,7870.75,23763.59999999999,31634.34999999999
2026-08-27T15:00:00-04:00,8194.599999999995,100,1,AAPLH282631500.U^H26,315.0,2026-08-28,313.874,1.23,0.0,False,31387.4,-123.0,39459.0,15693.7,7846.85,23765.3,31612.15
2026-08-27T16:00:00-04:00,8194.599999999995,100,1,AAPLH282631500.U^H26,315.0,2026-08-28,314.54,1.5,0.0,False,31454.000000000004,-150.0,39498.6,15727.000000000002,7863.500000000001,23771.6,31635.1
2026-08-28T10:00:00-04:00,8194.599999999995,100,1,AAPLH282631500.U^H26,315.0,2026-08-28,316.673,2.145,0.0,False,31667.3,-214.5,39647.399999999994,15833.65,7916.825,23813.749999999993,31730.574999999993
2026-08-28T11:00:00-04:00,8194.599999999995,100,1,AAPLH282631500.U^H26,315.0,2026-08-28,320.72,5.75,0.0,False,32072.000000000004,-575.0,39691.6,16036.000000000002,8018.000000000001,23655.6,31673.6
2026-08-28T12:00:00-04:00,8194.599999999995,100,1,AAPLH282631500.U^H26,315.0,2026-08-28,321.491,6.449999999999999,0.0,False,32149.1,-644.9999999999999,39698.7,16074.55,8037.275,23624.149999999998,31661.424999999996
2026-08-28T13:00:00-04:00,8194.599999999995,100,1,AAPLH282631500.U^H26,315.0,2026-08-28,320.84,5.925,0.0,False,32083.999999999996,-592.5,39686.09999999999,16041.999999999998,8020.999999999999,23644.09999999999,31665.09999999999
2026-08-28T14:00:00-04:00,8194.599999999995,100,1,AAPLH282631500.U^H26,315.0,2026-08-28,319.702,4.699999999999999,0.0,False,31970.2,-469.99999999999994,39694.799999999996,15985.1,7992.55,23709.699999999997,31702.249999999996
2026-08-28T15:00:00-04:00,8194.599999999995,100,1,AAPLH282631500.U^H26,315.0,2026-08-28,319.824,4.800000000000001,0.0,False,31982.4,-480.00000000000006,39697.0,15991.2,7995.6,23705.8,31701.4
2026-08-28T16:00:00-04:00,39694.59999999999,0,0,,,,319.64,,0.0,False,0.0,0.0,39694.59999999999,0.0,0.0,39694.59999999999,39694.59999999999
2026-08-31T11:00:00-04:00,8402.599999999991,100,1,AAPLI042631750.U^I26,317.5,2026-09-04,315.38,2.46,0.0,False,31538.0,-246.0,39694.59999999999,15769.0,7884.5,23925.59999999999,31810.09999999999
2026-08-31T12:00:00-04:00,8402.599999999991,100,1,AAPLI042631750.U^I26,317.5,2026-09-04,314.6686,2.08,0.0,False,31466.860000000004,-208.0,39661.45999999999,15733.430000000002,7866.715000000001,23928.02999999999,31794.74499999999
2026-08-31T13:00:00-04:00,8402.599999999991,100,1,AAPLI042631750.U^I26,317.5,2026-09-04,313.752,1.85,0.0,False,31375.2,-185.0,39592.79999999999,15687.6,7843.8,23905.19999999999,31748.99999999999
2026-08-31T14:00:00-04:00,8402.599999999991,100,1,AAPLI042631750.U^I26,317.5,2026-09-04,315.1,2.26,0.0,False,31510.000000000004,-225.99999999999997,39686.59999999999,15755.000000000002,7877.500000000001,23931.59999999999,31809.09999999999
2026-08-31T15:00:00-04:00,8402.599999999991,100,1,AAPLI042631750.U^I26,317.5,2026-09-04,315.39,2.4050000000000002,0.0,False,31539.0,-240.50000000000003,39701.09999999999,15769.5,7884.75,23931.59999999999,31816.34999999999
2026-08-31T16:00:00-04:00,8402.599999999991,100,1,AAPLI042631750.U^I26,317.5,2026-09-04,316.83,3.095,0.0,False,31683.0,-309.5,39776.09999999999,15841.5,7920.75,23934.59999999999,31855.34999999999
2026-09-01T10:00:00-04:00,8402.599999999991,100,1,AAPLI042631750.U^I26,317.5,2026-09-04,322.695,6.675,0.0,False,32269.5,-667.5,40004.59999999999,16134.75,8067.375,23869.84999999999,31937.22499999999
2026-09-01T11:00:00-04:00,8402.599999999991,100,1,AAPLI042631750.U^I26,317.5,2026-09-04,324.4129,7.95,0.0,False,32441.289999999997,-795.0,40048.889999999985,16220.644999999999,8110.322499999999,23828.244999999988,31938.567499999986
2026-09-01T12:00:00-04:00,8402.599999999991,100,1,AAPLI042631750.U^I26,317.5,2026-09-04,326.35,9.75,0.0,False,32635.000000000004,-975.0,40062.59999999999,16317.500000000002,8158.750000000001,23745.09999999999,31903.84999999999
2026-09-01T13:00:00-04:00,8402.599999999991,100,1,AAPLI042631750.U^I26,317.5,2026-09-04,325.8843,9.275,0.0,False,32588.43,-927.5,40063.52999999999,16294.215,8147.1075,23769.31499999999,31916.422499999993
2026-09-01T14:00:00-04:00,8402.599999999991,100,1,AAPLI042631750.U^I26,317.5,2026-09-04,325.22,8.6,0.0,False,32522.000000000004,-860.0,40064.59999999999,16261.000000000002,8130.500000000001,23803.59999999999,31934.09999999999
2026-09-01T15:00:00-04:00,8402.599999999991,100,1,AAPLI042631750.U^I26,317.5,2026-09-04,325.545,9.1,0.0,False,32554.5,-910.0,40047.09999999999,16277.25,8138.625,23769.84999999999,31908.47499999999
2026-09-01T16:00:00-04:00,8402.599999999991,100,1,AAPLI042631750.U^I26,317.5,2026-09-04,325.17,8.6,0.0,False,32517.0,-860.0,40059.59999999999,16258.5,8129.25,23801.09999999999,31930.34999999999
2026-09-02T10:00:00-04:00,8402.599999999991,100,1,AAPLI042631750.U^I26,317.5,2026-09-04,325.19,8.4,0.0,False,32519.0,-840.0,40081.59999999999,16259.5,8129.75,23822.09999999999,31951.84999999999
2026-09-02T11:00:00-04:00,8402.599999999991,100,1,AAPLI042631750.U^I26,317.5,2026-09-04,324.625,7.9,0.0,False,32462.5,-790.0,40075.09999999999,16231.25,8115.625,23843.84999999999,31959.47499999999
2026-09-02T12:00:00-04:00,8402.599999999991,100,1,AAPLI042631750.U^I26,317.5,2026-09-04,325.0172,8.1,0.0,False,32501.72,-810.0,40094.31999999999,16250.86,8125.43,23843.459999999992,31968.889999999992
2026-09-02T13:00:00-04:00,8402.599999999991,100,1,AAPLI042631750.U^I26,317.5,2026-09-04,326.12,9.15,0.0,False,32612.0,-915.0,40099.59999999999,16306.0,8153.0,23793.59999999999,31946.59999999999
2026-09-02T14:00:00-04:00,8402.599999999991,100,1,AAPLI042631750.U^I26,317.5,2026-09-04,325.956,9.075,0.0,False,32595.600000000002,-907.4999999999999,40090.7,16297.800000000001,8148.900000000001,23792.899999999994,31941.799999999996
2026-09-02T15:00:00-04:00,8402.599999999991,100,1,AAPLI042631750.U^I26,317.5,2026-09-04,324.99,8.125,0.0,False,32499.0,-812.5,40089.09999999999,16249.5,8124.75,23839.59999999999,31964.34999999999
2026-09-02T16:00:00-04:00,8402.599999999991,100,1,AAPLI042631750.U^I26,317.5,2026-09-04,324.98,8.0,0.0,False,32498.0,-800.0,40100.59999999999,16249.0,8124.5,23851.59999999999,31976.09999999999
2026-09-03T10:00:00-04:00,8402.599999999991,100,1,AAPLI042631750.U^I26,317.5,2026-09-04,326.69,8.925,0.0,False,32669.0,-892.5000000000001,40179.09999999999,16334.5,8167.25,23844.59999999999,32011.84999999999
2026-09-03T11:00:00-04:00,8402.599999999991,100,1,AAPLI042631750.U^I26,317.5,2026-09-04,327.985,10.7,0.0,False,32798.5,-1070.0,40131.09999999999,16399.25,8199.625,23731.84999999999,31931.47499999999
2026-09-03T12:00:00-04:00,8402.599999999991,100,1,AAPLI042631750.U^I26,317.5,2026-09-04,329.7843,12.4,0.0,False,32978.43,-1240.0,40141.02999999999,16489.215,8244.6075,23651.81499999999,31896.422499999993
2026-09-03T13:00:00-04:00,8402.599999999991,100,1,AAPLI042631750.U^I26,317.5,2026-09-04,328.9401,11.7,0.0,False,32894.009999999995,-1170.0,40126.609999999986,16447.004999999997,8223.502499999999,23679.60499999999,31903.107499999987
2026-09-03T14:00:00-04:00,8402.599999999991,100,1,AAPLI042631750.U^I26,317.5,2026-09-04,326.912,9.775,0.0,False,32691.199999999997,-977.5,40116.29999999999,16345.599999999999,8172.799999999999,23770.69999999999,31943.49999999999
2026-09-03T15:00:00-04:00,8402.599999999991,100,1,AAPLI042631750.U^I26,317.5,2026-09-04,327.19,9.524999999999999,0.0,False,32719.0,-952.4999999999999,40169.09999999999,16359.5,8179.75,23809.59999999999,31989.34999999999
2026-09-03T16:00:00-04:00,8402.599999999991,100,1,AAPLI042631750.U^I26,317.5,2026-09-04,328.17,10.7,0.0,False,32817.0,-1070.0,40149.59999999999,16408.5,8204.25,23741.09999999999,31945.34999999999
2026-09-04T10:00:00-04:00,8402.599999999991,100,1,AAPLI042631750.U^I26,317.5,2026-09-04,323.68,6.125,0.0,False,32368.0,-612.5,40158.09999999999,16184.0,8092.0,23974.09999999999,32066.09999999999
2026-09-04T11:00:00-04:00,8402.599999999991,100,1,AAPLI042631750.U^I26,317.5,2026-09-04,318.452,1.55,0.0,False,31845.2,-155.0,40092.79999999999,15922.6,7961.3,24170.19999999999,32131.49999999999
2026-09-04T12:00:00-04:00,8402.599999999991,100,1,AAPLI042631750.U^I26,317.5,2026-09-04,321.0272,3.7,0.0,False,32102.72,-370.0,40135.31999999999,16051.36,8025.68,24083.959999999992,32109.639999999992
2026-09-04T13:00:00-04:00,8402.599999999991,100,1,AAPLI042631750.U^I26,317.5,2026-09-04,321.048,3.6,0.0,False,32104.8,-360.0,40147.399999999994,16052.4,8026.2,24094.999999999993,32121.199999999993
2026-09-04T14:00:00-04:00,8402.599999999991,100,1,AAPLI042631750.U^I26,317.5,2026-09-04,321.02,3.525,0.0,False,32102.0,-352.5,40152.09999999999,16051.0,8025.5,24101.09999999999,32126.59999999999
2026-09-04T15:00:00-04:00,8402.599999999991,100,1,AAPLI042631750.U^I26,317.5,2026-09-04,321.674,4.15,0.0,False,32167.399999999998,-415.00000000000006,40154.999999999985,16083.699999999999,8041.849999999999,24071.29999999999,32113.149999999987
2026-09-04T16:00:00-04:00,40152.59999999999,0,0,,,,319.98,,0.0,False,0.0,0.0,40152.59999999999,0.0,0.0,40152.59999999999,40152.59999999999
2026-09-08T10:00:00-04:00,40152.59999999999,0,0,,,,316.9,,0.0,False,0.0,0.0,40152.59999999999,0.0,0.0,40152.59999999999,40152.59999999999
2026-09-08T11:00:00-04:00,40152.59999999999,0,0,,,,315.994,,0.0,False,0.0,0.0,40152.59999999999,0.0,0.0,40152.59999999999,40152.59999999999
2026-09-08T12:00:00-04:00,40152.59999999999,0,0,,,,316.0758,,0.0,False,0.0,0.0,40152.59999999999,0.0,0.0,40152.59999999999,40152.59999999999
2026-09-08T13:00:00-04:00,40152.59999999999,0,0,,,,315.996,,0.0,False,0.0,0.0,40152.59999999999,0.0,0.0,40152.59999999999,40152.59999999999
2026-09-08T14:00:00-04:00,40152.59999999999,0,0,,,,316.03,,0.0,False,0.0,0.0,40152.59999999999,0.0,0.0,40152.59999999999,40152.59999999999
2026-09-08T15:00:00-04:00,40152.59999999999,0,0,,,,315.53,,0.0,False,0.0,0.0,40152.59999999999,0.0,0.0,40152.59999999999,40152.59999999999
2026-09-08T16:00:00-04:00,40152.59999999999,0,0,,,,316.39,,0.0,False,0.0,0.0,40152.59999999999,0.0,0.0,40152.59999999999,40152.59999999999
2026-09-09T10:00:00-04:00,40152.59999999999,0,0,,,,317.885,,0.0,False,0.0,0.0,40152.59999999999,0.0,0.0,40152.59999999999,40152.59999999999
2026-09-09T11:00:00-04:00,40152.59999999999,0,0,,,,313.388,,0.0,False,0.0,0.0,40152.59999999999,0.0,0.0,40152.59999999999,40152.59999999999
2026-09-09T12:00:00-04:00,40152.59999999999,0,0,,,,313.18,,0.0,False,0.0,0.0,40152.59999999999,0.0,0.0,40152.59999999999,40152.59999999999
2026-09-09T13:00:00-04:00,40152.59999999999,0,0,,,,314.01,,0.0,False,0.0,0.0,40152.59999999999,0.0,0.0,40152.59999999999,40152.59999999999
2026-09-09T14:00:00-04:00,40152.59999999999,0,0,,,,313.255,,0.0,False,0.0,0.0,40152.59999999999,0.0,0.0,40152.59999999999,40152.59999999999
2026-09-09T15:00:00-04:00,40152.59999999999,0,0,,,,316.68,,0.0,False,0.0,0.0,40152.59999999999,0.0,0.0,40152.59999999999,40152.59999999999
2026-09-09T16:00:00-04:00,40152.59999999999,0,0,,,,315.45,,0.0,False,0.0,0.0,40152.59999999999,0.0,0.0,40152.59999999999,40152.59999999999
2026-09-10T10:00:00-04:00,40152.59999999999,0,0,,,,318.885,,0.0,False,0.0,0.0,40152.59999999999,0.0,0.0,40152.59999999999,40152.59999999999
2026-09-10T11:00:00-04:00,40152.59999999999,0,0,,,,323.025,,0.0,False,0.0,0.0,40152.59999999999,0.0,0.0,40152.59999999999,40152.59999999999
2026-09-10T12:00:00-04:00,40152.59999999999,0,0,,,,319.58,,0.0,False,0.0,0.0,40152.59999999999,0.0,0.0,40152.59999999999,40152.59999999999
2026-09-10T13:00:00-04:00,40152.59999999999,0,0,,,,323.368,,0.0,False,0.0,0.0,40152.59999999999,0.0,0.0,40152.59999999999,40152.59999999999
2026-09-10T14:00:00-04:00,40152.59999999999,0,0,,,,325.016,,0.0,False,0.0,0.0,40152.59999999999,0.0,0.0,40152.59999999999,40152.59999999999
2026-09-10T15:00:00-04:00,40152.59999999999,0,0,,,,325.38,,0.0,False,0.0,0.0,40152.59999999999,0.0,0.0,40152.59999999999,40152.59999999999
2026-09-10T16:00:00-04:00,40152.59999999999,0,0,,,,326.6,,0.0,False,0.0,0.0,40152.59999999999,0.0,0.0,40152.59999999999,40152.59999999999
2026-09-11T10:00:00-04:00,40152.59999999999,0,0,,,,332.2384,,0.0,False,0.0,0.0,40152.59999999999,0.0,0.0,40152.59999999999,40152.59999999999
2026-09-11T11:00:00-04:00,40152.59999999999,0,0,,,,334.9943,,0.0,False,0.0,0.0,40152.59999999999,0.0,0.0,40152.59999999999,40152.59999999999
2026-09-11T12:00:00-04:00,40152.59999999999,0,0,,,,333.9487,,0.0,False,0.0,0.0,40152.59999999999,0.0,0.0,40152.59999999999,40152.59999999999
2026-09-11T13:00:00-04:00,40152.59999999999,0,0,,,,334.754,,0.0,False,0.0,0.0,40152.59999999999,0.0,0.0,40152.59999999999,40152.59999999999
2026-09-11T14:00:00-04:00,40152.59999999999,0,0,,,,333.374,,0.0,False,0.0,0.0,40152.59999999999,0.0,0.0,40152.59999999999,40152.59999999999
2026-09-11T15:00:00-04:00,40152.59999999999,0,0,,,,332.52,,0.0,False,0.0,0.0,40152.59999999999,0.0,0.0,40152.59999999999,40152.59999999999
2026-09-11T16:00:00-04:00,40152.59999999999,0,0,,,,332.22,,0.0,False,0.0,0.0,40152.59999999999,0.0,0.0,40152.59999999999,40152.59999999999
2026-09-14T11:00:00-04:00,7165.669999999991,100,1,AAPLI182633500.U,335.0,2026-09-18,332.9943,3.125,0.0,False,33299.43,-312.5,40152.59999999999,16649.715,8324.8575,23502.88499999999,31827.742499999993
2026-09-14T12:00:00-04:00,7165.669999999991,100,1,AAPLI182633500.U,335.0,2026-09-18,335.049,4.1,0.0,False,33504.899999999994,-409.99999999999994,40260.569999999985,16752.449999999997,8376.224999999999,23508.119999999988,31884.344999999987
2026-09-14T13:00:00-04:00,7165.669999999991,100,1,AAPLI182633500.U,335.0,2026-09-18,334.855,3.925,0.0,False,33485.5,-392.5,40258.66999999999,16742.75,8371.375,23515.91999999999,31887.29499999999
2026-09-14T14:00:00-04:00,7165.669999999991,100,1,AAPLI182633500.U,335.0,2026-09-18,333.8668,3.5,0.0,False,33386.68,-350.0,40202.34999999999,16693.34,8346.67,23509.00999999999,31855.679999999993
2026-09-14T15:00:00-04:00,7165.669999999991,100,1,AAPLI182633500.U,335.0,2026-09-18,334.15,3.5999999999999996,0.0,False,33415.0,-359.99999999999994,40220.66999999999,16707.5,8353.75,23513.16999999999,31866.91999999999
2026-09-14T16:00:00-04:00,7165.669999999991,100,1,AAPLI182633500.U,335.0,2026-09-18,333.11,3.05,0.0,False,33311.0,-305.0,40171.66999999999,16655.5,8327.75,23516.16999999999,31843.91999999999
2026-09-15T10:00:00-04:00,7165.669999999991,100,1,AAPLI182633500.U,335.0,2026-09-18,330.73,1.7850000000000001,0.0,False,33073.0,-178.5,40060.16999999999,16536.5,8268.25,23523.66999999999,31791.91999999999
2026-09-15T11:00:00-04:00,7165.669999999991,100,1,AAPLI182633500.U,335.0,2026-09-18,329.7872,1.53,0.0,False,32978.72,-153.0,39991.38999999999,16489.36,8244.68,23502.02999999999,31746.709999999992
2026-09-15T12:00:00-04:00,7165.669999999991,100,1,AAPLI182633500.U,335.0,2026-09-18,329.61,1.455,0.0,False,32961.0,-145.5,39981.16999999999,16480.5,8240.25,23500.66999999999,31740.91999999999
2026-09-15T13:00:00-04:00,7165.669999999991,100,1,AAPLI182633500.U,335.0,2026-09-18,329.52,1.46,0.0,False,32952.0,-146.0,39971.66999999999,16476.0,8238.0,23495.66999999999,31733.66999999999
2026-09-15T14:00:00-04:00,7165.669999999991,100,1,AAPLI182633500.U,335.0,2026-09-18,330.4251,1.6949999999999998,0.0,False,33042.51,-169.49999999999997,40038.67999999999,16521.255,8260.6275,23517.424999999992,31778.05249999999
2026-09-15T15:00:00-04:00,7165.669999999991,100,1,AAPLI182633500.U,335.0,2026-09-18,330.52,1.72,0.0,False,33052.0,-172.0,40045.66999999999,16526.0,8263.0,23519.66999999999,31782.66999999999
2026-09-15T16:00:00-04:00,7165.669999999991,100,1,AAPLI182633500.U,335.0,2026-09-18,331.31,1.9249999999999998,0.0,False,33131.0,-192.49999999999997,40104.16999999999,16565.5,8282.75,23538.66999999999,31821.41999999999
2026-09-16T10:00:00-04:00,7165.669999999991,100,1,AAPLI182633500.U,335.0,2026-09-18,334.1216,2.83,0.0,False,33412.16,-283.0,40294.829999999994,16706.08,8353.04,23588.749999999993,31941.789999999994
2026-09-16T11:00:00-04:00,7165.669999999991,100,1,AAPLI182633500.U,335.0,2026-09-18,334.0288,2.675,0.0,False,33402.88,-267.5,40301.04999999999,16701.44,8350.72,23599.60999999999,31950.329999999987
2026-09-16T12:00:00-04:00,7165.669999999991,100,1,AAPLI182633500.U,335.0,2026-09-18,332.765,2.02,0.0,False,33276.5,-202.0,40240.16999999999,16638.25,8319.125,23601.91999999999,31921.04499999999
2026-09-16T13:00:00-04:00,7165.669999999991,100,1,AAPLI182633500.U,335.0,2026-09-18,332.6348,1.98,0.0,False,33263.479999999996,-198.0,40231.14999999999,16631.739999999998,8315.869999999999,23599.40999999999,31915.279999999988
2026-09-16T14:00:00-04:00,7165.669999999991,100,1,AAPLI182633500.U,335.0,2026-09-18,333.35,2.255,0.0,False,33335.0,-225.5,40275.16999999999,16667.5,8333.75,23607.66999999999,31941.41999999999
2026-09-16T15:00:00-04:00,7165.669999999991,100,1,AAPLI182633500.U,335.0,2026-09-18,332.0799,1.78,0.0,False,33207.99,-178.0,40195.65999999999,16603.995,8301.9975,23591.66499999999,31893.66249999999
2026-09-16T16:00:00-04:00,7165.669999999991,100,1,AAPLI182633500.U,335.0,2026-09-18,332.52,1.8250000000000002,0.0,False,33252.0,-182.50000000000003,40235.16999999999,16626.0,8313.0,23609.16999999999,31922.16999999999
2026-09-17T10:00:00-04:00,7165.669999999991,100,1,AAPLI182633500.U,335.0,2026-09-18,330.835,0.84,0.0,False,33083.5,-84.0,40165.16999999999,16541.75,8270.875,23623.41999999999,31894.29499999999
2026-09-17T11:00:00-04:00,7165.669999999991,100,1,AAPLI182633500.U,335.0,2026-09-18,332.78,1.2650000000000001,0.0,False,33278.0,-126.50000000000001,40317.16999999999,16639.0,8319.5,23678.16999999999,31997.66999999999
2026-09-17T12:00:00-04:00,7165.669999999991,100,1,AAPLI182633500.U,335.0,2026-09-18,334.8558,2.045,0.0,False,33485.58,-204.5,40446.74999999999,16742.79,8371.395,23703.959999999992,32075.354999999992
2026-09-17T13:00:00-04:00,7165.669999999991,100,1,AAPLI182633500.U,335.0,2026-09-18,336.11,2.74,0.0,False,33611.0,-274.0,40502.66999999999,16805.5,8402.75,23697.16999999999,32099.91999999999
2026-09-17T14:00:00-04:00,7165.669999999991,100,1,AAPLI182633500.U,335.0,2026-09-18,335.955,2.55,0.0,False,33595.5,-254.99999999999997,40506.16999999999,16797.75,8398.875,23708.41999999999,32107.29499999999
2026-09-17T15:00:00-04:00,7165.669999999991,100,1,AAPLI182633500.U,335.0,2026-09-18,336.2331,2.705,0.0,False,33623.31,-270.5,40518.47999999999,16811.655,8405.8275,23706.82499999999,32112.65249999999
2026-09-17T16:00:00-04:00,7165.669999999991,100,1,AAPLI182633500.U,335.0,2026-09-18,337.0,3.1500000000000004,0.0,False,33700.0,-315.00000000000006,40550.66999999999,16850.0,8425.0,23700.66999999999,32125.66999999999
2026-09-18T10:00:00-04:00,7165.669999999991,100,1,AAPLI182633500.U,335.0,2026-09-18,334.99,1.33,0.0,False,33499.0,-133.0,40531.66999999999,16749.5,8374.75,23782.16999999999,32156.91999999999
2026-09-18T11:00:00-04:00,7165.669999999991,100,1,AAPLI182633500.U,335.0,2026-09-18,333.9629,0.61,0.0,False,33396.29,-61.0,40500.95999999999,16698.145,8349.0725,23802.81499999999,32151.88749999999
2026-09-18T12:00:00-04:00,7165.669999999991,100,1,AAPLI182633500.U,335.0,2026-09-18,334.8,0.8049999999999999,0.0,False,33480.0,-80.5,40565.16999999999,16740.0,8370.0,23825.16999999999,32195.16999999999
2026-09-18T13:00:00-04:00,7165.669999999991,100,1,AAPLI182633500.U,335.0,2026-09-18,334.56,0.545,0.0,False,33456.0,-54.50000000000001,40567.16999999999,16728.0,8364.0,23839.16999999999,32203.16999999999
2026-09-18T14:00:00-04:00,7165.669999999991,100,1,AAPLI182633500.U,335.0,2026-09-18,335.61,1.01,0.0,False,33561.0,-101.0,40625.66999999999,16780.5,8390.25,23845.16999999999,32235.41999999999
2026-09-18T15:00:00-04:00,7165.669999999991,100,1,AAPLI182633500.U,335.0,2026-09-18,335.755,1.1,0.0,False,33575.5,-110.00000000000001,40631.16999999999,16787.75,8393.875,23843.41999999999,32237.29499999999
2026-09-18T16:00:00-04:00,40665.66999999999,0,0,,,,335.58,,0.0,False,0.0,0.0,40665.66999999999,0.0,0.0,40665.66999999999,40665.66999999999
